{"Antwerpen": 4.213182932843219e-05, "Bremerhaven": 4.897138946237323e-05, "Dalian": 2.3879069247565028e-05, "Guangzhou": 2.383495406881192e-05, "Hamburg": 2.772049323794257e-05, "Ho Chi Minh": 2.8744745645815736e-05, "Hong Kong": 3.339016637813662e-05, "Jakarta": 2.288920449365867e-05, "Jawaharlal Nehru": 2.6527657133740576e-05, "Kao-Hsiung": "N/A", "Kelang": 2.3456609293374747e-05, "Laem Chabang": 2.752636771122308e-05, "Lianyungang": 2.3129379089251596e-05, "Mina Jabal Ali": 2.3527928214930445e-05, "Ningbo": 3.0560143561909585e-05, "Pusan": 0.00018875193227854616, "Qingdao Gang": 0.00014492687357877475, "Rotterdam": 3.768913852420754e-05, "Shanghai": 3.307789541071311e-05, "Singapore": 0.0004804586770841374, "Tanjung Pelepas": 2.6784535042535667e-05, "Tianjin": 2.8499321133630778e-05, "Tokyo": 3.5151016794865414e-05, "Xiamen": 4.416911982117435e-05, "Yantian": 2.778374457924184e-05}